idAxv,title,report-no,doi,submitter,abstract_md5,authors
0704.0007,Polymer Quantum Mechanics and its Continuum Limit,IGPG-07/03-2,10.1103/PhysRevD.76.044016,Alejandro Corichi,1d16479bc6150246648698d33b5deb83,"Alejandro Corichi, Tatjana Vukasinac and Jose A. Zapata"
0704.0008,Numerical solution of shock and ramp compression for general material  properties,"LA-UR-07-2051, LLNL-JRNL-410358",10.1063/1.2975338,Damian Swift,a3be4f4da50504105e3ae87b7867d6c8,Damian C. Swift
0704.0026,"Placeholder Substructures II: Meta-Fractals, Made of Box-Kites, Fill  Infinite-Dimensional Skies",,,Robert P. C. de Marrais,77ac4e34fd8c3707fa9ec5173c6ef9a3,Robert P. C. de Marrais
0704.0049,An algorithm for the classification of smooth Fano polytopes,,,Mikkel {\O}bro,fcf96e9073d5d679f485c0485a609a80,Mikkel {\O}bro
0704.0059,The Mass and Radius of the Unseen M-Dwarf Companion in the Single-Lined  Eclipsing Binary HAT-TR-205-013,,10.1086/518413,Thomas Beatty,2b70c8c15a95d056a6e6e89f93840a54,"T. G. Beatty, J. M. Fernandez, D. W. Latham, G. A. Bakos, G. Kovacs,
  R. W. Noyes, R. P. Stefanik, G. Torres, M. E. Everett, C. W. Hergenrother"
0704.0075,Strong decays of charmed baryons,,10.1103/PhysRevD.75.094017,Xiang Liu,aece90bd045f762c8807b289ace9cec8,"Chong Chen, Xiao-Lin Chen, Xiang Liu, Wei-Zhen Deng and Shi-Lin Zhu"
0704.0112,Placeholder Substructures III: A Bit-String-Driven ''Recipe Theory'' for  Infinite-Dimensional Zero-Divisor Spaces,,,Robert P. C. de Marrais,77ac4e34fd8c3707fa9ec5173c6ef9a3,Robert P. C. de Marrais
0704.0120,Strong Phase and $D^0-D^0bar$ mixing at BES-III,,10.1103/PhysRevD.75.094019,Haibo Li,6da4f9de010bd1344b6e00c09a4cfa1f,"Xiao-Dong Cheng, Kang-Lin He, Hai-Bo Li, Yi-Fang Wang, Mao-Zhi Yang"
0704.0128,An online repository of Swift/XRT light curves of GRBs,,10.1051/0004-6361:20077530,Kim Page,99a0b8a8f1e58dd21739dcaed0d07dc8,"P.A. Evans (1), A.P. Beardmore (1), K.L. Page (1), L.G. Tyler (1),
  J.P. Osborne (1), M.R. Goad (1), P.T. O'Brien (1), L. Vetere (2), J. Racusin
  (2), D. Morris (2), D.N. Burrows (2), M. Capalbi (3), M. Perri (3), N.
  Gehrels (4) and P. Romano (5,6) ((1) University of Leicester, (2)
  Pennsylvania State University, (3) ASI Science Data Center, (4) NASA/Goddard
  Space Flight Center, (5) INAF-Osservatorio Astronomico di Brera, (6)
  Universita' degli Studi di Milano)"
0704.0166,Supersymmetry breaking metastable vacua in runaway quiver gauge theories,"IFT-UAM/CSIC-07-14, CERN-PH-TH/2007-063",10.1088/1126-6708/2007/05/047,I\~naki Garc\'ia-Etxebarria,db9aa79ed1ad6fc9c3f329f2c9f32d5b,"Inaki Garcia-Etxebarria, Fouad Saad, Angel M. Uranga"
0704.0189,Monoid generalizations of the Richard Thompson groups,,,Jean-Camille Birget,9360ef255bd1b504e23ca9de273537cb,J. C. Birget
0704.0235,The Determination of the Helicity of $W'$ Boson Couplings at the LHC,SLAC-PUB-12392,10.1088/1126-6708/2007/05/037,Thomas G. Rizzo,d7012f5ae22122046501c6841f958eb8,Thomas G. Rizzo
0704.0236,Curvature flows in semi-Riemannian manifolds,,,Claus Gerhardt,9d3324ebe5e16af5a605f2b6dfe1f1e4,Claus Gerhardt
0704.0245,One-loop MHV Rules and Pure Yang-Mills,QMUL-PH-07-09,10.1088/1126-6708/2007/07/002,Konstantinos Zoubos,aec1a80ee53b52bb2d6c21238f578da8,"Andreas Brandhuber, Bill Spence, Gabriele Travaglini, Konstantinos
  Zoubos"
0704.0262,Stringy Instantons at Orbifold Singularities,,10.1088/1126-6708/2007/06/067,Matteo Bertolini,e4746c885270f73a20acc2d6c5820550,"Riccardo Argurio, Matteo Bertolini, Gabriele Ferretti, Alberto Lerda
  and Christoffer Petersson"
0704.0285,Epitaxial graphene,,10.1016/j.ssc.2007.04.023,Xiaosong Wu,66a198a189050c353bbe0b0857a9dd4d,"Walt A. de Heer, Claire Berger, Xiaosong Wu, Phillip N. First, Edward
  H. Conrad, Xuebin Li, Tianbo Li, Michael Sprinkle, Joanna Hass, Marcin L.
  Sadowski, Marek Potemski, Gerard Martinez"
0704.0289,Vortex proliferation in the Berezinskii-Kosterlitz-Thouless regime on a  two-dimensional lattice of Bose-Einstein condensates,,10.1103/PhysRevLett.99.030401,Volker Schweikhard,36ccd057608409045a7a23bd3dd539d3,"V. Schweikhard, S. Tung, and E. A. Cornell"
0704.0292,A practical Seedless Infrared-Safe Cone jet algorithm,,10.1088/1126-6708/2007/05/086,Gregory Soyez,cd326735fc0a7e99852fbce1b6c9d797,Gavin P. Salam and Gregory Soyez
0704.0344,The Blazar Spectral Sequence and GLAST,,10.1063/1.2757292,Fabrizio Tavecchio,c86e6ca437e23cd1391ef47a990647bc,"L. Maraschi, G. Ghisellini, F. Tavecchio"
0704.0388,Sterile neutrinos at the CNGS,,10.1088/1126-6708/2007/12/013,Pasquale Migliozzi Dr.,229fb8f39216cc8e9f2c8ff505672b0b,"A. Donini, M. Maltoni, D. Meloni, P. Migliozzi, F. Terranova"
0704.0400,The S-Matrix of AdS/CFT and Yangian Symmetry,AEI-2007-019,,Niklas Beisert,d8ab2999c0c374b9b6f7c13311aac67e,Niklas Beisert
0704.0407,Density dependent hadronic models and the relation between neutron stars  and neutron skin thickness,,10.1103/PhysRevC.75.055805,Jose Ricardo Marinelli,6256817ab159615faca9c1b84cdf586f,"S.S. Avancini, J.R. Marinelli, D.P. Menezes, M.M.W. de Moraes and C.
  Provid\^encia"
0704.0418,Entanglement entropy at infinite randomness fixed points in higher  dimensions,,10.1103/PhysRevLett.99.147202,Yu-Cheng Lin,96680dddd7bda07eda4e3d9ff3cdd56f,"Yu-Cheng Lin, Ferenc Igloi and Heiko Rieger"
0704.0423,Limits on WIMP-nucleon interactions with CsI(Tl) crystal detectors,DMRC-0701,10.1103/PhysRevLett.99.091301,Sun Kee Kim,b209e372453f033e6c184afd5b9a4981,"H. S. Lee, H. C. Bhang, J. H. Choi, H. Dao, I. S. Hahn, M. J. Hwang,
  S. W. Jung, W. G. Kang, D. W. Kim, H. J. Kim, S. C. Kim, S. K. Kim, Y. D.
  Kim, J. W. Kwak, Y. J. Kwon, J. Lee, J. H. Lee, J. I. Lee, M. J. Lee, S. J.
  Lee, J. Li, X. Li, Y. J. Li, S. S. Myung, S. Ryu, J. H. So, Q. Yue, J. J. Zhu"
0704.0432,A Survey of Huebschmann and Stasheff's Paper: Formal Solution of the  Master Equation via HPT and Deformation Theory,,,Fusun Akman,32476f9b683d0863dea617ca76666e38,Fusun Akman and Lucian M. Ionescu
0704.0437,Measurement of B(D_S^+ --> ell^+ nu) and the Decay Constant f_D_{S^+},"CLNS 07/1990, CLEO 07-02",10.1103/PhysRevD.76.072002,Pamela Morehouse,6ee050225c9c9d2c9ec08eeecb993589,"CLEO Collaboration: T. K. Pedlar, et al"
0704.0440,Dynamics of a quantum phase transition in a ferromagnetic Bose-Einstein  condensate,LAUR-07-1400,10.1103/PhysRevLett.99.130402,Damski Bogdan,1570cc5fc93ff56a6cb434b05410ebf8,Bogdan Damski and Wojciech H. Zurek
0704.0444,Multiple Unfoldings of Orbifold Singularities: Engineering Geometric  Analogies to Unification,,10.1103/PhysRevD.79.046005,Jacob Bourjaily,ee85a44fccf709bb5ef178c297ee2f74,Jacob L. Bourjaily
0704.0445,Geometrically Engineering the Standard Model: Locally Unfolding Three  Families out of E8,,10.1103/PhysRevD.76.046004,Jacob Bourjaily,861d1439da3b1d3f32403e3b946741b3,Jacob L. Bourjaily
0704.0461,Entanglement increase from local interactions with  not-completely-positive maps,,10.1103/PhysRevA.76.022102,Anil Shaji,07ca53872bdf1b44875d1d1b9eae27f5,"Thomas F. Jordan, Anil Shaji and E. C. G. Sudarshan"
0704.0462,Extended solar emission - an analysis of the EGRET data,,10.1063/1.2757422,Elena Orlando,96e1d3111be84fdb5ec7f76b1ebf1c43,"Elena Orlando, Dirk Petry and Andrew Strong"
0704.0490,Long Distance Signaling Using Axion-like Particles,,10.1103/PhysRevD.76.111701,Daniel Stancil,52815f2f870eda19b9967d31d0b3bfc0,Daniel D. Stancil
0704.0543,Swift/XRT observes the fifth outburst of the periodic Supergiant Fast  X-ray Transient IGR J11215-5952,,10.1051/0004-6361:20077383,Patrizia Romano,826b7e34bd12e8f9b73507e8c205480a,"P. Romano (1,2), L. Sidoli (3), V. Mangano (4), S. Mereghetti (3), G.
  Cusumano (4) ((1) INAF-OABrera, (2) Univ.Bicocca, (3) INAF-IASF Mi, (4)
  INAF-IASF Pa)"
0704.0559,Signal for space-time noncommutativity: the Z -> gamma gamma decay in  the renormalizable gauge sector of the theta-expanded NCSM,,,Josip Trampetic Dr.,e670b2fcd7b908413031b8dbc94d382e,Josip Trampetic
0704.0601,D-\bar D mixing and rare D decays in the Littlest Higgs model with  non-unitarity matrix,,10.1016/j.physletb.2007.08.084,Chuan Hung Chen,7eba5d37dff6508969ae9feb1e626bce,"Chuan-Hung Chen, Chao-Qiang Geng, Tzu-Chiang Yuan"
0704.0605,Reconciling the X(3872) with the near-threshold enhancement in the  D^0\bar{D}^{*0} final state,FZJ-IKP(TH)-2007-14,10.1103/PhysRevD.76.034007,Alexei Nefediev,7c337d1479247ebd7b32aeb116b4c1e2,"C.Hanhart (FZ-Juelich), Yu.S.Kalashnikova, A.E.Kudryavtsev,
  A.V.Nefediev (ITEP, Moscow)"
0704.0607,Plasmon Amplification through Stimulated Emission at Terahertz  Frequencies in Graphene,,,Farhan Rana,7c9bb8055a6a17276f848a3a083d0b53,"Farhan Rana, Faisal R. Ahmad"
0704.0619,Search for Heavy Neutral MSSM Higgs Bosons with CMS: Reach and  Higgs-Mass Precision,"DCPT/07/12, IPPP/07/06",10.1140/epjc/s10052-007-0398-0,Sven Heinemeyer,d71aeb83515ba60120f52c9892357139,"S. Gennai, S. Heinemeyer, A. Kalinowski, R. Kinnunen, S. Lethi, A.
  Nikitenko, G. Weiglein"
0704.0626,Probing dark energy with steerable wavelets through correlation of WMAP  and NVSS local morphological measures,,10.1111/j.1365-2966.2007.12776.x,Jason McEwen,d939b6f0c5314099c78d6e5bafa90208,"J. D. McEwen, Y. Wiaux, M. P. Hobson, P. Vandergheynst, A. N. Lasenby"
0704.0629,Measurement of the Decay Constant $f_D{_S^+}$ using $D_S^+ --> ell^+ nu,"CLNS 07/1989, CLEO 07-1",10.1103/PhysRevLett.99.071802,Pamela Morehouse,4993166c18005d29aad6b075736d66d0,"CLEO Collaboration: M. Artuso, et al"
0704.0642,Direct photons and dileptons via color dipoles,USM-TH-210,10.1016/j.physletb.2007.07.055,A. H. Rezaeian,1a3cab0990358509d0830c41e10cedbb,"B. Z. Kopeliovich, A. H. Rezaeian, H. J. Pirner, Ivan Schmidt"
0704.0646,The Mathematical Universe,,10.1007/s10701-007-9186-9,Max Tegmark,f4238ce8c16f67c15bfdd4f77db72d0f,Max Tegmark (MIT)
0704.0666,String inspired explanation for the super-acceleration of our universe,,10.1103/PhysRevD.75.123513,Bin Wang,ddb1c046d375b7fc3bb2749c242fe45d,"Ahmad Sheykhi, Bin Wang and Nematollah Riazi"
0704.0680,"An Inverse $f(R)$ Gravitation for Cosmic Speed up, and Dark Energy  Equivalent",,10.1142/S0217732308026042,Sohrab Rahvar,a89041c315c38777cdd00e465c032895,"Sohrab Rahvar, Yousef Sobouti"
0704.0737,Jumping Through Loops: On Soft Terms from Large Volume Compactifications,"AEI-2007-020, LMU-ASC-21/07",10.1088/1126-6708/2007/09/031,Marcus Berg,58d42c78521290cb28c0915c186468ea,"Marcus Berg, Michael Haack, Enrico Pajer"
0704.0746,Finite bias visibility of the electronic Mach-Zehnder interferometer,,10.1103/PhysRevB.76.161309,Roche Patrice,2ed16ca0fde4d8d6fa1e66103cd71c45,"Preden Roulleau, F. Portier, D. C. Glattli, P. Roche, A. Cavanna, G.
  Gaini, U. Gennser, and D. Mailly"
0704.0748,Experimental Challenges Involved in Searches for Axion-Like Particles  and Nonlinear Quantum Electrodynamic Effects by Sensitive Optical Techniques,,,Joseph Harris,21d1ab1671c93f9808700c150d05a17a,"Christopher C. Davis, Joseph Harris, Robert W. Gammon, Igor I.
  Smolyaninov and Kyuman Cho"
0704.0756,The dynamical Casimir effect in braneworlds,,10.1103/PhysRevLett.99.071601,Ruth Durrer,81c54d179c19502ca96d18b3f87edcb6,Ruth Durrer and Marcus Ruser
0704.0784,D-brane Instantons on the T^6/Z_3 orientifold,,10.1088/1126-6708/2007/07/038,Massimo Bianchi,9161726f9020d3b44c3079b56eb4cca6,"Massimo Bianchi, Francesco Fucito and Jose F. Morales"
0704.0786,Implication of the D^0 Width Difference On CP-Violation in D^0-\bar D^0  Mixing,IPPP/07/10,10.1088/0954-3899/34/10/009,Patricia Ball,50c27c4de728d760ae9d220ce8f14b45,Patricia Ball
0704.0790,Dynamical Casimir effect for gravitons in bouncing braneworlds,,10.1103/PhysRevD.76.104014,Ruth Durrer,d0dd24486d529b4936f2f84e5d7a639a,Marcus Ruser and Ruth Durrer
0704.0799,Spin Evolution of Accreting Neutron Stars: Nonlinear Development of the  R-mode Instability,,10.1103/PhysRevD.76.064019,Ruxandra Bondarescu,2a6e1985f4f6bf878984d45cf8697004,"Ruxandra Bondarescu, Saul A. Teukolsky and Ira Wasserman (Cornell
  University)"
0704.0921,Z^0 \to 2\gamma and the Twisted Coproduct of the Poincar\'{e} Group,,10.1142/S0217751X07038426,Sang Jo,08f39b5860aed89fe6bb45396a480712,"A. P. Balachandran, S. G. Jo"
0704.0924,Lower order terms in the 1-level density for families of holomorphic  cuspidal newforms,,10.4064/aa137-1-3,Steven Miller,3c4f1859072103ace1359c3de3c01ecd,Steven J. Miller
0704.0927,A Symplectic Test of the L-Functions Ratios Conjecture,,10.1093/imrn/rnm146,Steven Miller,e323323313f8ba10e68ab909c8a3c91c,Steven J. Miller
0704.0930,Marginal Solutions for the Superstring,,10.1088/1126-6708/2007/07/050,Theodore G. Erler,c4b92a1de2f365892aa1ec1d78e4e444,Theodore Erler
0704.0931,The Isophotal Structure of Early-Type Galaxies in the SDSS: Dependence  on AGN Activity and Environment,,10.1086/518856,Frank van den Bosch,ff33f40f4860512daac152664b47fcbd,"Anna Pasquali, Frank C. van den Bosch, Hans-Walter Rix (MPIA)"
0704.0932,On the Origin of the Dichotomy of Early-Type Galaxies: The Role of Dry  Mergers and AGN Feedback,,10.1111/j.1365-2966.2007.12311.x,Frank van den Bosch,6692bb5324fda59688f69d2e540911cd,"Xi Kang, Frank C. van den Bosch, Anna Pasquali (MPIA)"
0704.0933,Quantum and Classical Spins on the Spatially Distorted Kagome Lattice:  Applications to Volborthite,,10.1103/PhysRevB.76.094421,Fa Wang,85dd18381ccb4bf4c6218e22b33c5888,"Fa Wang, Ashvin Vishwanath, Yong Baek Kim"
0704.0936,Analytic solutions for marginal deformations in open superstring field  theory,DESY 07-047,10.1088/1126-6708/2007/09/084,Yuji Okawa,821d962d242e5e900ae7962ba3837f0b,Yuji Okawa (DESY)
0704.0955,Charges from Attractors,,10.1088/0264-9381/24/20/009,Matthias Wapler,5ff234726e1721de734706fd500bb8db,Nemani V. Suryanarayana and Matthias C. Wapler
0704.0971,D0-anti-D0 Mixing and CP Violation in D0 vs anti-D0 to K*(+-) K(-+)  Decays,,10.1103/PhysRevD.75.114006,Shun Zhou,efd6f65618ec586c14c8e3fbab6b4e4c,Zhi-zhong Xing and Shun Zhou
0704.1000,Measurement of D0-D0bar mixing in D0->Ks pi+ pi- decays,BELLE-CONF-0702,10.1103/PhysRevLett.99.131803,Liming Zhang,663bd22d88afb1b7aa619962794af47e,"L.M. Zhang, et al, for the Belle Collaboration"
0704.1021,Curvature estimates for Weingarten hypersurfaces in Riemannian manifolds,,10.1515/ACV.2008.004,Claus Gerhardt,9e55c64d11c6bad753a3733ad5d36b54,Claus Gerhardt
0704.1037,Controlled collisions of a single atom and ion guided by movable  trapping potentials,,10.1103/PhysRevA.76.033409,Zbigniew Idziaszek,20107f5c4ca27848fd48cdda181a9036,"Z. Idziaszek, T. Calarco, P. Zoller"
0704.1038,Counting BPS operators in N=4 SYM,,10.1016/j.nuclphysb.2007.07.026,Francis Dolan,2c7b9657c4d627ad23cf2123570d09a2,F.A. Dolan
0704.1039,"Symplectic homology, autonomous Hamiltonians, and Morse-Bott moduli  spaces",,,Alexandru Oancea,ad014dafbb68d3d49ccec9f82415225d,Fr\'ed\'eric Bourgeois and Alexandru Oancea
0704.1079,Instanton Induced Neutrino Majorana Masses in CFT Orientifolds with  MSSM-like spectra,"IFT-UAM/CSIC-07-12, CERN-PH-TH/2007-061",10.1088/1126-6708/2007/06/011,Angel M. Uranga,5f34d8b4ec9c2ffaa4bebb84307c2c75,"L.E. Ibanez, A.N. Schellekens, A. M. Uranga"
0704.1085,Gauge Mediation in String Theory,"CALT-68-2642, UT-07-12",10.1016/j.physletb.2007.06.056,Teruhiko Kawano,f7d885a3c6b826664ff999904a40174e,"Teruhiko Kawano, Hirosi Ooguri, and Yutaka Ookouchi"
0704.1090,Bouncing Universe with Quintom Matter,,10.1088/1126-6708/2007/10/071,Yifu Cai,05a57648a846b85fee9237b4fa3ac71d,"Yi-Fu Cai, Taotao Qiu, Yun-Song Piao, Mingzhe Li, Xinmin Zhang"
0704.1099,The Epps effect revisited,,10.1080/14697680802595668,Bence T\'oth,cb6ffb2e259d3aeecccd715ce90b4110,"Bence Toth, Janos Kertesz"
0704.1106,Analysis of $\Omega_c^*(css)$ and $\Omega_b^*(bss)$ with QCD sum rules,,10.1140/epjc/s10052-008-0521-x,Zhi-Gang Wang,e8d4d4b5e00c71cb477d79bb3646a0da,Zhi-Gang Wang
0704.1137,"Lattice refining loop quantum cosmology, anisotropic models and  stability",IGPG-07/4-2,10.1103/PhysRevD.76.064018,Martin Bojowald,4ea493261b56df7cbf4038df4e364404,"Martin Bojowald, Daniel Cartin and Gaurav Khanna"
0704.1143,Challenges for MSSM Higgs searches at Hadron Colliders,"ANL-HEP-PR-07-19, EFI-07-07, FERMILAB-PUB-07-074-T",10.1103/PhysRevD.76.035004,Arjun Menon,e40b4e8693387d6342d54263b79d55fa,"M. Carena, A. Menon and C.E.M. Wagner"
0704.1165,Electroweak Higgs as a pseudo-Goldstone boson of broken scale invariance,,10.1016/j.physletb.2007.06.084,Archil Kobakhidze,a73093e7c94cf3fe3b7705d0562b2872,"Robert Foot, Archil Kobakhidze and Raymond R. Volkas"
0704.1186,Domain wall entropy of the bimodal two-dimensional Ising spin glass,,10.1103/PhysRevB.76.064427,Julian Poulter,66a9eca8655653f96d5dabd4dd69ea90,A. Aromsawa and J. Poulter
0704.1194,Finite-size scaling of pseudo-critical point distributions in the random  transverse-field Ising chain,,10.1103/PhysRevB.76.064421,Ferenc Igloi,81152986b295ee91e57723271b39dc18,"Ferenc Igl\'oi, Yu-Cheng Lin, Heiko Rieger, C\'ecile Monthus"
0704.1201,Evaluation of the Axial Vector Commutator Sum Rule for Pion-Pion  Scattering,FTUAM 06-07,10.1103/PhysRevD.75.116002,Francisco Yndurain,43daea745874a28d31614bdb04ffa40f,Stephen L. Adler and F. J. Yndurain
0704.1234,Generalization of Einstein-Lovelock theory to higher order dilaton  gravity,IFT-07-1,10.1103/PhysRevD.76.124020,Marek Olechowski,8157a9151501500b2c76cad1132bd9d2,"D. Konikowska, M. Olechowski"
0704.1239,On the Entropy Function and the Attractor Mechanism for Spherically  Symmetric Extremal Black Holes,,10.1103/PhysRevD.76.064010,Li-Ming Cao,02f70465bed0537174f6f09dbaf0ec3d,Rong-Gen Cai and Li-Ming Cao
0704.1263,The Measurement Calculus,,,Elham Kashefi,896bdfc155483fdc8f9cd316cf9d6b76,"Vincent Danos, Elham Kashefi, Prakash Panangaden"
0704.1271,Numerical Evaluation of Six-Photon Amplitudes,,10.1088/1126-6708/2007/07/085,Roberto Pittau,0f7c8a7d2bc2a9a2f735e4ebbb1cc75a,"Giovanni Ossola, Costas G. Papadopoulos (Democritos Nucl. Res. Ctr.),
  Roberto Pittau (Turin U. & INFN, Turin)"
0704.1291,Projective Hilbert space structures at exceptional points,,10.1088/1751-8113/40/30/014,Uwe Guenther,91c0377f98bbaba593375a6e875a6f49,"Uwe Guenther, Ingrid Rotter, Boris F. Samsonov"
0704.1328,Developing the Galactic diffuse emission model for the GLAST Large Area  Telescope,SLAC-PUB-12467,10.1063/1.2757416,Igor Moskalenko,4dfa0f5f717b9a94a635f5f3eced3cf1,"Igor V. Moskalenko (Stanford), Andrew W. Strong (MPE), Seth W. Digel
  (SLAC), Troy A. Porter (UCSC)"
0704.1329,Prompt Emission of High Energy Photons from Gamma Ray Bursts,,10.1111/j.1365-2966.2007.12051.x,Nayantara Gupta,ddd0ed84c6e2c8d654e80f2bb8ba7679,Nayantara Gupta and Bing Zhang
0704.1377,Kibble-Zurek mechanism in a quenched ferromagnetic Bose-Einstein  condensate,,10.1103/PhysRevA.76.043613,Hiroki Saito,973792ef536864b9849f963760ea2aea,"Hiroki Saito, Yuki Kawaguchi, and Masahito Ueda"
0704.1405,Euclidean analysis of the entropy functional formalism,,10.1103/PhysRevD.77.084011,Pedro J. Silva,8ac3c29a8ce2d1f0215a2735d652530d,Oscar J. C. Dias and Pedro J. Silva
0704.1417,Constraints on Regge models from perturbation theory,UAB-FT-630; UB-ECM-PF-07-07,10.1088/1126-6708/2007/10/061,Antonio Pineda,91769e228f37dbb6a4db6148b25ba6fe,Jorge Mondejar and Antonio Pineda
0704.1441,Heisenberg antiferromagnet with anisotropic exchange on the Kagome  lattice: Description of the magnetic properties of volborthite,,10.1103/PhysRevB.76.064430,Walter Apel,c267b6ab1635e9f8f7c9fe4dfbed9203,"T. Yavors'kii, W. Apel, and H.-U. Everts"
0704.1482,Deciphering top flavor violation at the LHC with B factories,,10.1103/PhysRevD.78.054008,Michele Papucci,13bec284d6e71457066207eaafacc8c3,"Patrick J. Fox, Zoltan Ligeti, Michele Papucci, Gilad Perez, Matthew
  D. Schwartz"
0704.1500,A Search for Electron Neutrino Appearance at the Delta m**2 ~ 1 eV**2  Scale,LA-UR-07-2246,10.1103/PhysRevLett.98.231801,William Louis,e927ff084f3af9844a335d0af623b78b,The MiniBooNE Collaboration
0704.1510,A compact star rotating at 1122 Hz and the r-mode instability,,10.1086/588635,Drago Alessandro,c0b81048e5e767cd4abf810fa51b038b,"Alessandro Drago (Univ. Ferrara and INFN sez. Ferrara, Italy) Giuseppe
  Pagliara (Inst. Theoretische Physik, Goethe Universitaet, Frankfurt am Main,
  Germany and INFN Italy) and Irene Parenti (Univ. Ferrara and INFN sez.
  Ferrara, Italy)"
0704.1540,The Orbifolds of Permutation-Type as Physical String Systems at  Multiples of $c=26$ III. The Spectra of $\hat{c}=52$ Strings,,10.1016/j.nuclphysb.2007.08.001,Martin B. Halpern,bc7f611ffe18960417b85f180304605f,M.B. Halpern
0704.1569,"One-way permutations, computational asymmetry and distortion",,,Jean-Camille Birget,2ce49bbf18524eff386e664056c6f5b4,Jean-Camille Birget
0704.1570,A method for the direct determination of the surface gravities of  transiting extrasolar planets,,10.1111/j.1745-3933.2007.00324.x,John Southworth,042294aa663b3eaa1ab3052bf07d29b0,"John Southworth (1), Peter J. Wheatley (1), Giles Sams (1), ((1)
  University of Warwick, UK)"
0704.1590,Constraints on the Very Early Universe from Thermal WIMP Dark Matter,,10.1103/PhysRevD.76.103524,Mitsuru Kakizaki,b77d11c0fd3c8bdb02bce73ebb0bc0cf,"Manuel Drees, Hoernisa Iminniyaz, Mitsuru Kakizaki"
0704.1591,Flavour-Dependent Type II Leptogenesis,"FTUAM 07-07, IFT-UAM/CSIC 07-18",10.1103/PhysRevD.76.023512,Stefan Antusch,a8fccc97803fb010d9f68e6d6bfb3358,Stefan Antusch
0704.1609,GRB 061121: Broadband spectral evolution through the prompt and  afterglow phases of a bright burst,,10.1086/518821,Kim Page,86daaddd84259909482f22766e3020ea,"K.L. Page (1), R. Willingale (1), J.P. Osborne (1), B. Zhang (2), O.
  Godet (1), F.E. Marshall (3), A. Melandri (4), J.P. Norris (5,6), P.T.
  O'Brien (1), V. Pal'shin (7), E. Rol (1), P. Romano (8,9), R.L.C. Starling
  (1), P. Schady (10), S.A. Yost (11), S.D. Barthelmy (3), A.P. Beardmore (1),
  G. Cusumano (12), D.N. Burrows (13), M. De Pasquale (10), M. Ehle (14), P.A.
  Evans (1), N. Gehrels (3), M.R. Goad (1), S. Golenetskii (7), C. Guidorzi
  (8,9), C. Mundell (4), M.J. Page (10), G. Ricker (15), T. Sakamoto (3), B.E.
  Schaefer (16), M. Stamatikos (3), E. Troja (1,1), M.Ulanov (7), F. Yuan (11)
  and H. Ziaeepour (9) ((1) University of Leicester, (2) University of Nevada,
  (3) NASA/GSFC, (4) Liverpool John Moores University, (5) University of
  Denver, (6) Stanford University, (7) Ioffe Physico-Technical Institute, (8)
  Osservatorio Astronomico di Brera, (9) Universita' di Milano-Bicocca, (10)
  MSSL, (11) University of Michigan, (12) INAF-IASF, Sezione di Palermo, (13)
  Pennsylvania State University, (14) XMM-Newton Science Operations Centre,
  (15) MIT, (16) Louisiana State University)"
0704.1639,Parity doubling in particle physics,,10.1142/S0217751X07037238,Sergey Afonin,4eff9d10e8eeb135b7e16b76da86b20f,S. S. Afonin
0704.1651,Route to Lambda in conformally coupled phantom cosmology,,10.1016/j.physletb.2007.05.057,Orest Hrycyna,d877cd891c3291a3640f0c1270066fea,"Orest Hrycyna, Marek Szydlowski"
0704.1653,"Scaling cosmologies, geodesic motion and pseudo-susy",UG-07-01,10.1088/0264-9381/24/18/009,Wissam Chemissany,0ae2e38aa51f04fa0a9d966f22a4b5f9,"Wissam Chemissany, Andr\'e ploegh, Thomas Van Riet"
0704.1657,Bubbling Surface Operators And S-Duality,,10.1088/1126-6708/2007/06/025,Jaume Gomis,253c1d41aeecd4e615cc2076adb507db,Jaume Gomis and Shunji Matsuura
0704.1658,Resolving Cosmic Gamma Ray Anomalies with Dark Matter Decaying Now,UCI-TR-2007-17,10.1103/PhysRevLett.99.191301,Louis Strigari,e841ceb0358c5dd5d2f7aa016f586998,"Jose A. R. Cembranos, Jonathan L. Feng, Louis E. Strigari"
0704.1662,Right-Handed Quark Mixings in Minimal Left-Right Symmetric Model with  General CP Violation,,10.1103/PhysRevD.76.091301,Xiangdong Ji,5a108c2e28bc3b29e2c7ecc6af20ef80,"Yue Zhang, Haipeng An, Xiangdong Ji and R. N. Mohapatra"
0704.1679,Equation of State in Relativistic Magnetohydrodynamics: variable versus  constant adiabatic index,,10.1111/j.1365-2966.2007.11849.x,Andrea Mignone,5eca991f28626b713894528d7cb64a71,A. Mignone and Jonathan C. McKinney
0704.1689,Some Properties of and Open Problems on Hessian Nilpotent Polynomials,,,Wenhua Zhao,1844e6a87880c83c8fc3d15ec5d15955,Wenhua Zhao
0704.1690,Two Results on Homogeneous Hessian Nilpotent Polynomials,,,Wenhua Zhao,bd0b5161154dfc7c39c6436f47736ab2,Arno van den Essen and Wenhua Zhao
0704.1691,A Vanishing Conjecture on Differential Operators with Constant  Coefficients,,,Wenhua Zhao,2757e95955033f1b1366a9ac68263650,Wenhua Zhao
0704.1699,Relativistic Hydrodynamics at RHIC and LHC,TKYNT-07-09,10.1143/PTPS.168.347,Tetsufumi Hirano,1da78cdc41d0ddefa00f2d1b6a04f101,Tetsufumi Hirano
0704.1733,Extra force in $f(R)$ modified theories of gravity,,10.1103/PhysRevD.75.104016,Orfeu Bertolami,dd4e3b18e038fcfcb963ae2809acbfef,"Orfeu Bertolami, Christian G. Boehmer, Tiberiu Harko, Francisco S.N.
  Lobo"
0704.1736,Parallelizing Quantum Circuits,,10.1016/j.tcs.2008.12.046,Elham Kashefi,e25e6e96c29744607abdac2fda501e51,Anne Broadbent and Elham Kashefi
0704.1745,I. The mass gap and solution of the quark confinement problem in QCD,,,V. Gogohia,f493cec1086cc61b4995f3353ee470e8,V. Gogokhia
0704.1800,Phenomenology with Massive Neutrinos,"YITP-SB-07-14, UB-ECM-PF 07/08, IFT-UAM/CSIC-07-51",10.1016/j.physrep.2007.12.004,MariaConcepcion Gonzalez-Garcia,51b74b9cb4a88b2194644d533c247252,M.C. Gonzalez-Garcia and Michele Maltoni
0704.1801,A calculation of the shear viscosity in SU(3) gluodynamics,MIT-CTP 3830,10.1103/PhysRevD.76.101701,Harvey B. Meyer,7293f27b6f20d4a05bc30348216727f9,Harvey B. Meyer
0704.1802,A Way to Dynamically Overcome the Cosmological Constant Problem,,10.1142/S0217751X08041359,Comelli Denis,35c5dffc9bd8688e6f89230b84687960,Denis Comelli
0704.1814,A Measure of de Sitter Entropy and Eternal Inflation,,10.1088/1126-6708/2007/05/055,Giovanni Villadoro,1d59baade095eb03c3ceecaf09af79bf,"Nima Arkani-Hamed, Sergei Dubovsky, Alberto Nicolis, Enrico
  Trincherini, Giovanni Villadoro"
0704.1817,Redefining the Missing Satellites Problem,,10.1086/521914,Louis Strigari,b8e100203937f0bd40896108b2e65a06,"Louis E. Strigari, James S. Bullock, Manoj Kaplinghat, Juerg Diemand,
  Michael Kuhlen, Piero Madau"
0704.1819,Comments on Charges and Near-Horizon Data of Black Rings,TIT/HEP-570,10.1088/1126-6708/2007/12/057,Yuji Tachikawa,7c7a2a49c2113c653377d7576641da89,"Kentaro Hanaki, Keisuke Ohashi and Yuji Tachikawa"
0704.1821,The S-parameter in Holographic Technicolor Models,,10.1088/1126-6708/2007/12/003,Matthew Reece,76c6b61b8d0d8c6c9b409ec14edc6847,"Kaustubh Agashe, Csaba Csaki, Christophe Grojean, Matthew Reece"
0704.1835,Direct extraction of one-loop integral coefficients,"SLAC-PUB-12455, UCLA/07/TEP/12",10.1103/PhysRevD.75.125019,Darren Forde,ab34cdc014a951e441b043e522cbe854,Darren Forde
0704.1836,Comment on Electroweak Higgs as a Pseudo-Goldstone Boson of Broken Scale  Invariance,CSULB-PA-07-4,,Hitoshi Nishino,69ea7d4d6a6f04d09f0769cc1ae275f0,Hitoshi Nishino and Subhash Rajpoot
0704.1844,A New Algebraic Structure of Finite Quantum Systems and the Modified  Bessel Functions,,10.1142/S021988780700251X,Kazuyuki Fujii,d8225f2fc2e08ae36367efdae8e53e6e,Kazuyuki Fujii (Yokohama City University)
0704.1845,The Lee-Wick Standard Model,"CALT 68-2643, UCSD/PTH 07-04",10.1103/PhysRevD.77.025012,Donal O'Connell,a7bae601c2b46a22474c744db2f5b33e,"Benjamin Grinstein, Donal O'Connell and Mark B. Wise"
0704.1848,"UV stable, Lorentz-violating dark energy with transient phantom era",,10.1088/1475-7516/2007/08/010,Shinji Tsujikawa,45a02ca319c617e4d619df9a6f7a165e,"Maxim Libanov, Eleftherios Papantonopoulos, Valery Rubakov, M. Sami,
  Shinji Tsujikawa"
0704.1850,Shock and Release Temperatures in Molybdenum,LA-UR-07-1660,10.1103/PhysRevB.76.054122,Damian Swift,34379ee866f7c6d7ea5d5b6586fa30a6,"Damian C. Swift, Achim Seifter, David B. Holtkamp, David A. Clark"
0704.1855,Variations of the Hidden Sector in a Realistic Intersecting Brane Model,"ACT-02-07, MIFP-07-11",10.1088/0954-3899/35/9/095008,Tianjun Li,b6dae5e52d70236b5f5452762c97bc92,"Ching-Ming Chen, Tianjun Li, V. E. Mayes, Dimitri V. Nanopoulos"
0704.1927,"Second-order perturbations of cosmological fluids: Relativistic effects  of pressure, multi-component, curvature, and rotation",,10.1103/PhysRevD.76.103527,Hyerim Noh,816e077eeccf76aa97865a215aa89105,J. Hwang and H. Noh
0704.1932,A discriminating probe of gravity at cosmological scales,,10.1103/PhysRevLett.99.141302,Pengjie Zhang,898f8e03aa74dbd85d9d2e26ad4bf782,"Pengjie Zhang (SHAO), Michele Liguori (Cambridge), Rachel Bean
  (Cornell), Scott Dodelson (Fermilab/Chicago)"
0704.1961,Impact of spin-zero particle-photon interactions on light polarization  in external magnetic fields,,10.1016/j.physletb.2007.05.020,Yi Liao,9c73fbf01fbf1d35c90164ca92425e72,Yi Liao (Nankai U.)
0704.1964,A data-analysis driven comparison of analytic and numerical coalescing  binary waveforms: nonspinning case,,10.1103/PhysRevD.77.024014,Yi Pan,014373e8c75d281e5605b2ab97633b7b,"Yi Pan, Alessandra Buonanno, John G. Baker, Joan Centrella, Bernard J.
  Kelly, Sean T. McWilliams, Frans Pretorius and James R. van Meter"
0704.1981,Improved Measurement of the Positive Muon Lifetime and Determination of  the Fermi Constant,,10.1103/PhysRevLett.99.032001,David W. Hertzog,7f4df2f0cd4489dc9e2288da739f5c3b,"MuLan Collaboration: D.B. Chitwood, T.I. Banks, M.J. Barnes, S. Battu,
  R.M. Carey, S. Cheekatmalla, S.M. Clayton, J. Crnkovic, K.M. Crowe, P.T.
  Debevec, S. Dhamija, W. Earle, A. Gafarov, K. Giovanetti, T.P. Gorringe, F.E.
  Gray, M. Hance, D.W. Hertzog, M.F. Hare, P. Kammel, B. Kiburg, J. Kunkle, B.
  Lauss, I. Logashenko, K.R. Lynch, R. McNabb, J.P. Miller, F. Mulhauser,
  C.J.G. Onderwater, C.S. Ozben, Q. Peng, C.C. Polly, S. Rath, B.L. Roberts, V.
  Tishchenko, G.D. Wait, J. Wasserman, D.M. Webber, P. Winter, P.A. Zolnierczuk"
0704.1998,Absence of the Fifth Force Problem in a Model with Spontaneously Broken  Dilatation Symmetry,,10.1016/j.aop.2007.09.003,Alexander Kaganovich B.,3fc5f834c010869885c80a4b6e32ef05,E. I. Guendelman and A. B. Kaganovich
0704.2004,Fractal dimension of domain walls in two-dimensional Ising spin glasses,,10.1103/PhysRevB.76.174411,Oliver Melchert,5a7b992cc78c5d3e204ef9e4021ca133,O. Melchert and A. K. Hartmann
0704.2006,Two-particle scattering matrix of two interacting mesoscopic conductors,,10.1103/PhysRevLett.99.146801,M. C. Goorden,faca9e32028068489c593becf3cb9c2d,"M. C. Goorden, M. Buttiker"
0704.2046,"Combinatorial structure of Kirillov-Reshetikhin crystals of type D_n(1),  B_n(1), A_{2n-1}(2)",,10.1016/j.jalgebra.2007.10.020,Anne Schilling,0a7b26596a51c06bd4cdd6d7489996c7,Anne Schilling
0704.2055,A biased view of symplectic cohomology,,,Paul Seidel,305361e34967065c39c219692aa6505a,Paul Seidel
0704.2063,High Energy Afterglow from Gamma-ray Bursts,,10.1111/j.1365-2966.2007.12765.x,Tsvi Piran,3208b3c812c6c384ecdcdca5b017cd05,"Yi-Zhong Fan, Tsvi Piran, Ramesh Narayan and Da-Ming Wei"
0704.2064,"The Dynamics of Quintessence, The Quintessence of Dynamics",,10.1007/s10714-007-0550-z,Eric Linder,c5eaf9bb62bcc5e41f3c111a407388cb,Eric V. Linder
0704.2069,q-Deformed Supersymmetry and Dynamic Magnon Representations,DCPT-07/09,10.1088/1751-8113/40/30/033,Charles Young,33b05e83148bd8804ddb50214baff875,C. A. S. Young
0704.2072,Measurement of the Rate of Muon Capture in Hydrogen Gas and  Determination of the Proton's Pseudoscalar Coupling $g_P$,,10.1103/PhysRevLett.99.032002,Peter Kammel,ddca1ee0742db9a065aeca6aec7d7192,"V.A. Andreev, T.I. Banks, T.A. Case, D.B. Chitwood, S.M. Clayton, K.M.
  Crowe, J. Deutsch, J. Egger, S.J. Freedman, V.A. Ganzha, T. Gorringe, F.E.
  Gray, D.W. Hertzog, M. Hildebrandt, P. Kammel, B. Kiburg, S. Knaack, P.A.
  Kravtsov, A.G. Krivshich, B. Lauss, K.L. Lynch, E.M. Maev, O.E. Maev, F.
  Mulhauser, C.S. \""Ozben, C. Petitjean, G.E. Petrov, R. Prieels, G.N.
  Schapkin, G.G. Semenchuk, M.A. Soroka, V. Tishchenko, A.A. Vasilyev, A.A.
  Vorobyov, M.E. Vznuzdaev, P. Winter"
0704.2086,Third-order cosmological perturbations of zero-pressure multi-component  fluids: Pure general relativistic nonlinear effects,,10.1088/1475-7516/2007/12/003,Hyerim Noh,f91626635c59afbbbe2b38ff6b532679,J. Hwang and H. Noh
0704.2126,Strange stars and the cosmological constant problem,,10.1088/1475-7516/2007/06/006,Cosimo Bambi,fa89004ccfb4621fd4713ec458639ade,Cosimo Bambi
0704.2128,Graphene bilayer with a twist: electronic structure,,10.1103/PhysRevLett.99.256802,J. M. B. Lopes dos Santos,fa0d45b0f8b5c2be5e15be0fe92153a3,"J. M. B. Lopes dos Santos, N. M. R. Peres and A. H. Castro Neto"
0704.2164,Charmed Meson Production in Deep Inelastic Scattering,USM-TH-211,10.1103/PhysRevD.76.014009,Hans Pirner,caef2c23640c6ad8b60078e138d22187,"B. Floter, B. Z. Kopeliovich, H.J. Pirner, J. Raufeisen"
0704.2169,An exact sequence for contact- and symplectic homology,,10.1007/s00222-008-0159-1,Alexandru Oancea,0d7c75219efcd90125b58fa656b4492c,Fr\'ed\'eric Bourgeois and Alexandru Oancea
0704.2198,Braneworld Cosmology,McGill-07-527,,James Cline,4b32e1c93a5eeac30bbbd61a7170bf8b,James M. Cline
0704.2205,Vector mesons from AdS/TC to the LHC,,,Maurizio Piai,6ef2db03f8f02af8ffe354dd97a6656a,Maurizio Piai
0704.2213,From Lie Theory to Deformation Theory and Quantization,,,Lucian M. Ionescu,85514057dadb82f2169b7c60caad8ec6,Lucian M. Ionescu
0704.2222,Marginal deformations in string field theory,AEI-2007-023,10.1088/1126-6708/2007/09/101,Michael Kroyter,6ea6bbed8645356ab482b5149c5ce8a2,"Ehud Fuchs, Michael Kroyter, Robertus Potting"
0704.2224,Non-Abelian Chern-Simons Vortices,,10.1016/j.physletb.2007.08.036,Enrique Moreno,1ba219a44311b4c20697493eeebe964a,"G. S. Lozano, D. Marques, E. F. Moreno and F. A. Schaposnik"
0704.2233,Bubbling AdS and droplet descriptions of BPS geometries in IIB  supergravity,"Brown-HET-1480, MCTP-07-15, NSF-KITP-07-58",10.1088/1126-6708/2007/10/003,James T. Liu,35c5320cf8be3a3911aa13b1db57de5c,"Bin Chen, Sera Cremonini, Aristomenis Donos, Feng-Li Lin, Hai Lin,
  James T. Liu, Diana Vaman and Wen-Yu Wen"
0704.2251,Boundaries and the Casimir effect in non-commutative space-time,,10.1103/PhysRevD.76.025016,Octavian Micu,0ac6b923e5d216b3f38eee73403ef296,"Roberto Casadio, Alessandro Gruppuso, Benjamin Harms, Octavian Micu"
0704.2273,"Cosmological Symmetry Breaking, Pseudo-scale invariance, Dark Energy and  the Standard Model",,10.1142/S0217732307023754,Pankaj Jain,e51e8534b159cae903347b29cf7575e9,Pankaj Jain and Subhadip Mitra
0704.2307,ATLAS Discovery Potential for the Charged Higgs Boson in H+ to tau nu  Decays,,,Martin Flechl,f77e640b4a579789864f2a0bb1bfa32c,"Bjarte Mohn, Martin Flechl and Johan Alwall"
0704.2314,Axial Resonances in the Open and Hidden Charm Sectors,,10.1140/epja/i2007-10435-1,Daniel Gamermann,2a20e7dfdf19da61675405024dbb6221,"D.Gamermann, E.Oset"
0704.2315,Exact Mapping of the 2+1 Dirac Oscillator onto the Jaynes-Cummings  Model: Ion-Trap Experimental Proposal,,10.1103/PhysRevA.76.041801,Miguel Angel Martin-Delgado,33e6492f9182123256fb39e9ba7c19c9,"A. Bermudez, M.A. Martin-Delgado, E. Solano"
0704.2350,The time evolution of cosmological redshift as a test of dark energy,,10.1111/j.1365-2966.2007.12407.x,Amedeo Balbi,6e7de55848c5e8b17da60d5cbd5395ad,"A. Balbi, C. Quercellini"
0704.2389,Semiclassical Quantization of the Giant Magnon,BROWN-HET-1479,10.1088/1126-6708/2007/06/032,Georgios Papathanasiou,f363743294d18ea9629341e4b33f700a,Georgios Papathanasiou and Marcus Spradlin
0704.2394,Muon Physics: A Pillar of the Standard Model,,10.1143/JPSJ.76.111009,B. Lee Roberts,278b9c9c69cc9984f2815d37edb1a0bd,B. Lee Roberts
0704.2397,The Quantum Configuration Space of Loop Quantum Cosmology,,10.1088/0264-9381/24/14/013,Jose Manuel Velhinho,7eaef5162831b59bee5713d8015210fa,J. M. Velhinho
0704.2400,Two-Loop Fermionic Corrections to Massive Bhabha Scattering,"DESY 07-053, SFB/CPP-07-15, HEPTOOLS 07-010",10.1016/j.nuclphysb.2007.06.023,Tord Riemann,9cda6d3a4867d94aa3a94225dac4c0cf,"S. Actis (DESY), M. Czakon (U. Wuerzburg), J. Gluza (U. Katowice), T.
  Riemann (DESY)"
0704.2417,The Spectral Index Distribution of EGRET Blazars: Prospects for GLAST,,10.1063/1.2757293 10.1086/519487,Vasiliki Pavlidou,88081726580dae9ad32086d500f9afc7,"Tonia M. Venters and Vasiliki Pavlidou (KICP, U. Chicago)"
0704.2421,Measuring the dark side (with weak lensing),,10.1088/1475-7516/2008/04/013,Martin Kunz,55033ab177fab88032aef8c5003cab91,"Luca Amendola (INAF/OAR Italy), Martin Kunz and Domenico Sapone (U.
  Geneve, Switzerland)"
0704.2430,The First Release COSMOS Optical and Near-IR Data and Catalog,,10.1086/519081,Peter Capak,ef6fb121d2ba658c8b86df9ff05f4e61,"P. Capak, H. Aussel, M. Ajiki, H. J. McCracken, B. Mobasher, N.
  Scoville, P. Shopbell, Y. Taniguchi, D. Thompson, S. Tribiano, S. Sasaki, A.
  W. Blain, M. Brusa, C. Carilli, A. Comastri, C. M. Carollo, P. Cassata, J.
  Colbert, R. S. Ellis, M. Elvis, M. Giavalisco, W. Green, L. Guzzo, G.
  Hasinger, O. Ilbert, C. Impey, K. Jahnke, J. Kartaltepe, J-P. Kneib, J. Koda,
  A. Koekemoer, Y. Komiyama, A. Leauthaud, O. Lefevre, S. Lilly, R. Massey, S.
  Miyazaki, T. Murayama, T. Nagao, J. A. Peacock, A. Pickles, C. Porciani, A.
  Renzini, J. Rhodes, M. Rich, M. Salvato, D. B. Sanders, C. Scarlata, D.
  Schiminovich, E. Schinnerer, M. Scodeggio, K. Sheth, Y. Shioya, L. A. M.
  Tasca, J. E. Taylor, L. Yan, G. Zamorani"
0704.2431,Vortex trapping in suddenly connected Bose-Josephson junctions,,10.1103/PhysRevA.77.033609,Parag Ghosh,5e87faf1c16d2fdd339158a922c855c4,Parag Ghosh and Fernando Sols
0704.2444,Contraints on radiative dark-matter decay from the cosmic microwave  background,,10.1103/PhysRevD.76.061301,Xuelei Chen,cc5710eba795e9eea99583aceb160b9e,"Le Zhang, Xuelei Chen, Marc Kamionkowski, Zongguo Si, Zheng Zheng"
0704.2457,Another Odd Thing About Unparticle Physics,,10.1016/j.physletb.2007.05.037,Howard Georgi,9d4408a807a786f5095ad9f2e4b50ebe,Howard Georgi (Harvard Univ)
0704.2463,Ultra-High Energy Cosmic Rays and the GeV-TeV Diffuse Gamma-Ray Flux,,10.1103/PhysRevD.79.063005,Guenter Sigl,19418f90d685c014c76f4eb2b3b94d16,"Oleg E. Kalashev (INR Moscow), Dmitry V. Semikoz, Guenter Sigl (APC,
  Paris)"
0704.2464,"Fermionic formulas for (1,p) logarithmic model characters in \Phi_{2,1}  quasiparticle realisation",,,Evgeny Feigin,4babf78ad40132f307d65ae515b71f7b,"B.Feigin, E.Feigin, I.Tipunin"
0704.2520,Dark energy from modified F(R)-scalar-Gauss-Bonnet gravity,,10.1016/j.physletb.2007.06.029,Shin'ichi Nojiri,a33395c23e5d9c22db07486b599c273e,"Shin'ichi Nojiri, Sergei D. Odintsov, and Petr V. Tretyakov"
0704.2545,The angular correlations of galaxies in the COSMOS field,,10.1086/518693,Henry Joy McCracken,6ff6fe68ae2c648e585a5e7f144f840b,"H. J. McCracken, J. A. Peacock, L. Guzzo, P. Capak, C. Porciani, N.
  Scoville, H. Aussel, A. Finoguenov, J. B. James, M. G. Kitzbichler, A.
  Koekemoer, A. Leauthaud, O. Le F\`evre, R. Massey, Y. Mellier, B. Mobasher,
  P. Norberg, J. Rhodes, D. B. Sanders, S. S. Sasaki, Y. Taniguchi, D. J.
  Thompson, S. D. M. White, A. El-Zant"
0704.2553,Metastable String Vacua,"CPHT-RR 017.0417, DFTT 2007/5, LPT-Orsay 07/23",10.1016/j.physletb.2007.06.031,Carlo Angelantonj,d3353d29591dd7f674e1aa00b14716c0,C. Angelantonj and E. Dudas
0704.2575,Strong photon non-linearities and photonic Mott insulators,,10.1103/PhysRevLett.99.103601,Michael Hartmann Mr,5c4af089ad8896f27cc62228e21c6b8c,Michael J Hartmann and Martin B Plenio
0704.2588,Collider signals in unparticle physics,,10.1103/PhysRevLett.99.051803,Wai-Yee Keung,b4da889e85440c42d3217c435e9fdddc,"Kingman Cheung, Wai-Yee Keung, and Tzu-Chiang Yuan"
0704.2604,Universal Substructure Distributions in LCDM halos: Can we find a Fossil  Group?,,,Elena D'Onghia,d311140f99f60a95106c06ab733062d3,"E. D'Onghia (1), A.V. Maccio'(2), G. Lake (1), J. Stadel (1), B. Moore
  (1)((1) University of Zurich, (2) MPIA Heidelberg)"
0704.2605,Mapping the Cosmological Confidence Ball Surface,,10.1086/518999,Brent Bryan,3765827c05e2aeb36ced03ac04dfa006,"Brent Bryan, Jeff Schneider, Christopher J. Miller, Robert C. Nichol,
  Christopher Genovese, Larry Wasserman"
0704.2606,"Cosmological constraints combining H(z), CMB shift and SNIa  observational data",,10.1088/1475-7516/2007/07/015,Elisabetta Majerotto,f6ba8a73db9830696aa858519c2337c1,"Ruth Lazkoz (Basque U., Bilbao) and Elisabetta Majerotto (ICG,
  Portsmouth)"
0704.2608,WHAM: A WENO-based general relativistic numerical scheme I:  Hydrodynamics,,10.1111/j.1365-2966.2007.11876.x,Alexander Tchekhovskoy,812e84a1fe0f7ae76e9b806d5f8915e4,"Alexander Tchekhovskoy, Jonathan C. McKinney, Ramesh Narayan
  (Harvard-CfA)"
0704.2609,A-infinity structure on simplicial complexes,ITEP/TH-13/07,10.1007/s11232-008-0093-9,Shamil Shakirov,a5ca3b9358ebff74bc2ed5c0a2192ce9,"V.Dolotin, A.Morozov and Sh.Shakirov"
0704.2618,Testing the Standard Model by precision measurement of the weak charges  of quarks,"JLAB-THY-07-636, ADP-07-04-T644",10.1103/PhysRevLett.99.122003,Ross Young,d77983bb8f468feba479aa7b2a054fd1,"R. D. Young, R. D. Carlini, A. W. Thomas, J. Roche"
0704.2626,Transport measurements across a tunable potential barrier in graphene,"Supplementary material on
  ftp://ftp.aip.org/epaps/phys_rev_lett/E-PRLTAO-98-018724/supplementarymaterial.pdf",10.1103/PhysRevLett.98.236803,Benjamin Huard,1338de5e037abcc20371e75d27d75c7d,"B. Huard, J.A. Sulpizio, N. Stander, K. Todd, B. Yang and D.
  Goldhaber-Gordon"
0704.2652,Observation of the Decay \bar{B0}-> Ds+ Lambda \bar{p},,10.1103/PhysRevD.76.051102,Tatiana Medvedeva,c044a31c81fa306a80376a5dc004fcde,"T. Medvedeva, R. Chistov, et al, for the Belle Collaboration"
0704.2672,"Study of B+ to p Lambdabar gamma, p Lambdabar pi0 and B0 to p Lambdabar  pi-","Belle Preprint 2007-19, KEK Preprint 2007-6",10.1103/PhysRevD.76.052004,Minzu Wang,07620f39276aa1d01c5c21ef841b3d50,"M.-Z. Wang, Y.-J. Lee, et al, for the Belle Collaboration"
0704.2712,Dynamics of meromorphic functions with direct or logarithmic  singularities,,10.1112/plms/pdn007,Walter Bergweiler,a59530fcbfd09a7675d8e81c1eb2c7a3,"Walter Bergweiler, Philip J. Rippon and Gwyneth M. Stallard"
0704.2748,Droplets in the two-dimensional +-J spin glass: evidence for (non-)  universality,,,Alexander K. Hartmann,b0ad0de1c36d7a57377ddf7764523f34,A. K. Hartmann
0704.2774,Moriond QCD 2007 - Theory Summary,EFI 07-10,,Jonathan Rosner,4c82374a8ce0f9132fa7c70904e7809f,Jonathan L. Rosner
0704.2776,Holonomy representations which are a diagonal direct sum of two faithful  representations,,,Thomas Krantz,94e4fc5b978195133258853013454d2f,"Thomas Krantz (IECN, Urmul)"
0704.2777,Representations admitting two pairs of supplementary invariant spaces,,,Thomas Krantz,c72abfc24ce433dc48444278e1e59bf0,"Lionel B\'erard Bergery (IECN), Thomas Krantz (IECN)"
0704.2785,Extremely Long-Lived Charged Massive Particles as A Probe for Reheating  of the Universe,,10.1103/PhysRevD.77.116003,Fumihiro Takayama,97454e1a7efdbb561320e68a4d2dcada,Fumihiro Takayama
0704.2798,On-Shell Methods in Perturbative QCD,"UCLA/07/TEP/11, SLAC-PUB-12447, SPhT-T07/039",10.1016/j.aop.2007.04.014,Lance Dixon,66d136279f0eccfea0592592372bcc7d,"Zvi Bern, Lance J. Dixon, David A. Kosower"
0704.2806,Light projectile scattering off the Color Glass Condensate,RBRC-667,10.1088/1126-6708/2007/06/040,Yoshimasa Hidaka,e281c447102537d5a915bdfab1c779da,Kenji Fukushima and Yoshimasa Hidaka
0704.2838,Kirillov-Reshetikhin conjecture : the general case,,,David Hernandez,f53171771d6aadb1ade3d8dca2f48cb2,David Hernandez
0704.2861,Mixed Hyperbolic - Second-Order Parabolic Formulations of General  Relativity,,10.1103/PhysRevD.78.024002,Vasileios Paschalidis,ae0d5e67e4eb248ece8b568ead059d75,Vasileios Paschalidis
0704.2866,A sequence of blowing-ups connecting moduli of sheaves and the Donaldson  polynomial under change of polarization,,,Kimiko Yamada,936e0b9ad07f7adb1f6a0590edcbf7c8,Kimiko Yamada
0704.2870,Blowing-ups describing the polarization change of moduli schemes of  semistable sheaves of general rank,,,Kimiko Yamada,6e0a430ca5ae2ac703a8c091429ed8f2,Kimiko Yamada
0704.2884,Higher Nilpotent Analogues of A-infinity Structure,ITEP/TH-14/07,10.1016/j.physletb.2007.05.022,Shamil Shakirov,fc11a2f5f0867354b8258b4e14471e1c,"V.Dolotin, A.Morozov and Sh.Shakirov"
0704.2888,The Extragalactic Gamma Ray Background,,10.1063/1.2757282,Charles Dermer,6d28c446ca236b9cafaf71902e4ff2c0,Charles D. Dermer (NRL)
0704.2898,Green's function of a finite chain and the discrete Fourier transform,,10.1142/S0217979206033401,Cojocaru,43069216fff1f3be94a149e51b913795,S. Cojocaru
0704.2907,The Transit Light Curve Project. VI. Three Transits of the Exoplanet  TrES-2,,10.1086/519077,Matthew J. Holman,da87f6d4d0fc77b2d910a36050b0bb6a,"Matthew J. Holman (1), Joshua N. Winn (2), David W. Latham (1),
  Francis T. O'Donovan (3), David Charbonneau (1), Guillermo Torres (1),
  Alessandro Sozzetti (1 and 4), Jose Fernandez (1), Mark E. Everett (5)"
0704.2914,Possible solution to the $^7$Li problem by the long lived stau,STUPP-07-190,10.1103/PhysRevD.76.125023,Toshifumi Jittoh,b6cc75e48a98558d737655f4d3c47484,"Toshifumi Jittoh, Kazunori Kohri, Masafumi Koike, Joe Sato, Takashi
  Shimomura, Masato Yamanaka"
0704.2936,Generalized MICZ-Kepler Problems and Unitary Highest Weight Modules --  II,,10.1112/jlms/jdq019,Guowu Meng,3a8f51a77c6139d3a0500a06c17f7af1,Guowu Meng
0704.2938,Improving Stellar and Planetary Parameters of Transiting Planet Systems:  The Case of TrES-2,,10.1086/519214,Alessandro Sozzetti,75749b2c230428dbf41cd75d008a37d4,"A. Sozzetti (1,2), G. Torres (1), D. Charbonneau (1), D.W. Latham (1),
  M.J. Holman (1), J.N. Winn (3), J.B. Laird (4), F.T. O'Donovan (5) ((1)
  Harvard-Smithsonian Center for Astrophysics, (2) Osservatorio Astronomico di
  Torino, (3) Massachusetts Institute of Technology, (4) Bowling Green State
  University, (5) California Institute of Technology)"
0704.2940,Fidelity approach to quantum phase transitions: finite size scaling for  quantum Ising model in a transverse field,,10.1088/1751-8113/41/49/492002,Huan-Qiang Zhou,551fbd2c328032bab6f4b484946a1ee3,"Huan-Qiang Zhou, Jian-Hui Zhao and Bo Li"
0704.2945,Renormalization group flows and quantum phase transitions: fidelity  versus entanglement,,,Huan-Qiang Zhou,bd7f6a9454610429c6d7c490998258ec,Huan-Qiang Zhou
0704.2959,Geometry of PT-symmetric quantum mechanics,,,Dorje C. Brody,da29be2ec59c2d3946a754073f6bb313,"Carl M. Bender, Dorje C. Brody, Lane P. Hughston, Bernhard K. Meister"
0704.2967,Group-theoretic Description of Riemannian Spaces,,,Serhiy Samokhvalov E.,25a4700cb1d1816f1c49b6886dca2b24,Serhiy E. Samokhvalov
0704.2973,Entanglement fidelity and measurement of entanglement preserving in  quantum processes,,10.1103/PhysRevA.76.014301,Yang Xiang,059f27f364915637647b2efa1370e4c4,Yang Xiang and Shi-Jie Xiong
0704.2980,Canonical Deformed Groups of Diffeomorphisms and Finite Parallel  Transports in Riemannian Spaces,,,Serhiy Samokhvalov E.,019a47c1a2113e3e8852e51d89b330cf,Serhiy E. Samokhvalov
0704.2999,Accurate QCD predictions for heavy-quark jets at the Tevatron and LHC,"Bicocca-FT-07-5, CERN-PH-TH-07-067",10.1088/1126-6708/2007/07/026,Gavin Salam,6e479a6d204bb07c2518038b6d3e5031,"Andrea Banfi, Gavin P. Salam and Giulia Zanderighi"
0704.3011,Many-Body Physics with Ultracold Gases,,10.1103/RevModPhys.80.885,Immanuel Bloch,f0d2bd85583930b8ea264d72f8c9bfc8,"Immanuel Bloch, Jean Dalibard, Wilhelm Zwerger"
0704.3027,Full control by locally induced relaxation,,10.1103/PhysRevLett.99.100501,Daniel Burgarth,c01e002958fec50f1657365599e5f9c3,Daniel Burgarth and Vittorio Giovannetti
0704.3029,Isospin properties of the X state near the D {\bar D}^{*} threshold,"FTPI-MINN-07/14, UMN-TH-2601/07",10.1103/PhysRevD.76.014007,Mikhail Voloshin,9b0c885c5743529fabdf322b82c8f426,M.B. Voloshin
0704.3044,Signatures of axion-like particles in the spectra of TeV gamma-ray  sources,"FERMILAB-PUB-07-082-A, MPP-2007-44",10.1103/PhysRevD.76.023001,Pasquale Dario Serpico,8069a313d2b561b4d23bb61af56b35b7,"Alessandro Mirizzi, Georg G. Raffelt, and Pasquale D. Serpico"
0704.3048,Non-thermal leptogenesis with strongly hierarchical right handed  neutrinos,,10.1103/PhysRevD.76.013005,V. Nefer \c{S}eno\u{g}uz,0fbe28802e9e009af301616bbaeac010,V. Nefer Senoguz
0704.3056,Effective spin systems in coupled micro-cavities,,10.1103/PhysRevLett.99.160501,Michael Hartmann Mr,c0c7586f0fb5d693c97520bef162793f,"Michael J. Hartmann, Fernando G.S.L. Brandao and Martin B. Plenio"
0704.3064,Diffuse cosmic gamma-rays at 1-20 MeV: A trace of the dark matter?,,10.1088/1475-7516/2008/01/022,Kyle Lawson,db5b7aa3b8046cd032c67b70fb03947d,Kyle Lawson and Ariel R.Zhitnitsky
0704.3082,Neumann and Neumann-Rosochatius integrable systems from membranes on  AdS_4xS^7,,10.1088/1126-6708/2007/08/073,Plamen Bozhilov,dce454e016ff7b28107fd9dcd089ada9,P. Bozhilov
0704.3084,Holographic Electroweak Symmetry Breaking from D-branes,,10.1103/PhysRevD.76.015015,Joshua Erlich,6eb8457dca54c2869fe791bb8eb9c106,"Christopher D. Carone, Joshua Erlich, and Marc Sher"
0704.3107,The Representation Aspect of the Generalized Hydrogen Atoms,,,Guowu Meng,ec65bcc6c11bc4f9dcfcd0209de7e2c1,Guowu Meng
0704.3118,Proof of the Flohr-Grabow-Koehn conjectures for characters of  logarithmic conformal field theory,,10.1088/1751-8113/40/40/015,S. Ole Warnaar,ca22d45e7b0bf525b5cc598f5f7770c4,S Ole Warnaar
0704.3121,Hybrid Chaplygin gas and phantom divide crossing,BNU/0375-2007,10.1142/S0217732309027303,Hongsheng Zhang,f81d49e78a9666b902ee88dc190a2eac,"Hongsheng Zhang, Zong-Hong Zhu and Lihua Yang"
0704.3144,Complex data processing: fast wavelet analysis on the sphere,,10.1007/s00041-006-6917-9,Yves Wiaux,16d13c56b6a34d574cc9d9e95b3c0d7c,"Y. Wiaux, J. D. McEwen, P. Vielva"
0704.3153,Deviations from Tri-bimaximal Neutrino Mixing in Type-II Seesaw and  Leptogenesis,,10.1103/PhysRevD.76.073009,Zhi-Zhong Xing,80cd10e0fe033669ade7496c6785f123,"Aik Hui Chan, Harald Fritzsch, Shu Luo, Zhi-zhong Xing"
0704.3167,The Goldberger-Miyazawa-Oehme sum rule revisited,HIP-2007-16/TH,10.1140/epja/i2007-10377-6,"Pekko Mets\""a",2711768f1fb7c1256e6bb00c8cf17469,"V.V. Abaev, P. Mets\""a, and M.E. Sainio"
0704.3189,II. The mass gap and solution of the quark confinement problem in QCD,,,V. Gogohia,ed481f41c10bb9f451105c117d797646,V. Gogokhia
0704.3195,Particle Interpretations of the PVLAS Data,DESY 07-054,,Andreas Ringwald,4527f7fb6124a9bd9877e8b35e051c83,Andreas Ringwald (DESY)
0704.3213,Dynamic rays of bounded-type entire functions,Stony Brook IMS Preprint #2007/05,10.4007/annals.2010.173.1.3,Lasse Rempe,a6e4cb4ed6bd31284cf33e2ba3465cae,"G\""unter Rottenfu{\ss}er, Johannes R\""uckert, Lasse Rempe and Dierk
  Schleicher"
0704.3220,Lectures on (abelian) Chern-Simons vortices,,,Peter Horvathy,cbe88713654a6186c7cb875412f51588,P. A. Horvathy
0704.3224,Supergiant Fast X-ray Transients: A common behaviour or a class of  objects?,,,Ignacio Negueruela,457e5fc792503e7d07e8ecb929334210,"Ignacio Negueruela (Universidad de Alicante), David M. Smith (UCSC),
  Jose Miguel Torrejon (alicante), Pablo Reig (FORTH/University of Crete)"
0704.3253,Quantum Hacking: Experimental demonstration of time-shift attack against  practical quantum key distribution systems,,10.1103/PhysRevA.78.042333,Yi Zhao,ed25cd43416fcb7f2eb15f65438647eb,"Yi Zhao, Chi-Hang Fred Fung, Bing Qi, Christine Chen, and Hoi-Kwong Lo"
0704.3297,Breaking a quantum key distribution system through a timing side channel,,10.1364/OE.15.009388,Antia Lamas-Linares,b2c4c2ec9bb9f20e76e1740b51240ad0,Antia Lamas-Linares and Christian Kurtsiefer
0704.3330,Interacting Energy Components and Observational $H(z)$ Data,,10.1016/j.physletb.2007.08.056,Hao Wei,6833ad8640335e539d25aed305652d13,"Hao Wei, Shuang Nan Zhang"
0704.3340,Production of Higgs boson excitations of universal extra dimension at  the Large Hadron Collider,CU-PHYSICS/07-2007,10.1016/j.physletb.2007.07.062,Anirban Kundu,b9c77f07b3d4bfee12c87b715f9ad9cb,Biplob Bhattacherjee and Anirban Kundu
0704.3368,Search for gravitational waves from binary inspirals in S3 and S4 LIGO  data,,10.1103/PhysRevD.77.062002,Thomas Cokelaer,6a2acce4f8674a6887bb35e23045560e,"LIGO Scientific Collaboration: B. Abbott, et al"
0704.3377,"Halo-model signatures from 380,000 SDSS Luminous Red Galaxies with  photometric redshifts",,10.1111/j.1365-2966.2007.11925.x,Chris Blake,81ab3418dab32d7d5fe503fc07a9d670,"Chris Blake, Adrian Collister, Ofer Lahav"
0704.3403,Sparticle Spectra and LHC Signatures for Large Volume String  Compactifications,DAMTP-2007-33,10.1088/1126-6708/2007/08/061,Chun Hay Kom,ac726ff07432676c2245107c990e74dd,"J. P. Conlon, C. H. Kom, K. Suruliz, B. C. Allanach, F. Quevedo"
0704.3414,Phantom field dynamics in loop quantum cosmology,,10.1103/PhysRevD.76.043514,Burin Gumjudpai,9e47a7b91302e2ed49278d57a000fe10,Daris Samart and Burin Gumjudpai (TPTP Naresuan U.)
0704.3442,1/2-BPS states in M theory and defects in the dual CFTs,EFI-07-12,10.1088/1126-6708/2007/10/014,Oleg Lunin,5078519c2bfc58b1307689f7808560e1,Oleg Lunin
0704.3446,Phenomenology of GUT-less Supersymmetry Breaking,"CERN-PH-TH/2007-073, UMN-TH-2602/07, FTPI-MINN-07/15",10.1088/1126-6708/2007/06/079,Pearl Sandick,841f803a60e5e4d18d4548e077a50d36,"John Ellis, Keith A. Olive and Pearl Sandick"
0704.3458,Searching for Lee-Wick Gauge Bosons at the LHC,SLAC-PUB-12481,10.1088/1126-6708/2007/06/070,Thomas G. Rizzo,735d5d79e1d1c5a47912effb03f9fdc6,Thomas G. Rizzo
0704.3464,Constraints on $N_c$ in Extensions of the Standard Model,YITP-SB-07-16,10.1103/PhysRevD.76.055010,Robert Shrock,f040166a0c56f092aa58bc2cc2efc6ba,Robert Shrock
0704.3473,Towards observable signatures of other bubble universes,,10.1103/PhysRevD.76.063509,Matthew Johnson,c9ecb8bc9f7e4b34aeb2d373ee7570ca,"Anthony Aguirre, Matthew C Johnson, Assaf Shomer"
0704.3481,Z Boson Propagator Correction in Technicolor Theories with ETC Effects  Included,YITP-SB-07-07,10.1103/PhysRevD.76.035003,Masafumi Kurachi,8413559b0f6df54563663266292c72a2,"Masafumi Kurachi, Robert Shrock, Koichi Yamawaki"
0704.3487,Quantum Hall Effect in a Graphene p-n Junction,,,Charles M. Marcus,92c2c0e3d8c221ded5648d5a5949e37f,"J. R. Williams, L. DiCarlo, C. M. Marcus"
0704.3532,Some Phenomenologies of Unparticle Physics,,10.1016/j.physletb.2007.10.058,Guohuai Zhu,490fa600d7089e24c7a6ee402a789f2c,"Mingxing Luo, Guohuai Zhu"
0704.3535,Quantum Simulations in Ion Traps -- Towards Simulating the Early  Expanding Universe,,,Lutz Petersen,b221c8e0a5882e7ffc3f3671d40be848,Lutz Petersen
0704.3550,Final spin of a coalescing black-hole binary: an Effective-One-Body  approach,,10.1103/PhysRevD.76.044003,Alessandro Nagar,289140e9dcb30d6a4871a35eee147ee5,"Thibault Damour, Alessandro Nagar"
0704.3553,"The centrality dependence of elliptic flow, the hydrodynamic limit, and  the viscosity of hot QCD",SPhT-T07/049,10.1103/PhysRevC.76.024905,Jean-Yves Ollitrault,6b63ae690b1c88046a20f224cc86ad05,"Hans-Joachim Drescher, Adrian Dumitru, Clement Gombeaud and Jean-Yves
  Ollitrault"
0704.3559,Pseudo-supersymmetry and a Tale of Alternate Realities,"UG-07-02, KUL-TF-07/08",10.1088/1126-6708/2007/07/067,Andr\'e Ploegh,2381eac75272a926aa10c168b66d760b,"E.A. Bergshoeff, J. Hartong, A. Ploegh, J. Rosseel and D. Van den
  Bleeken"
0704.3564,The critical temperature for the BCS equation at weak coupling,,,Robert Seiringer,12c18e653aa00dc6d060e8a14f1adc54,"Rupert L. Frank, Christian Hainzl, Serguei Naboko, Robert Seiringer"
0704.3570,Anomalous dimensions at twist-3 in the sl(2) sector of N=4 SYM,,10.1088/1126-6708/2007/06/044,Matteo Beccaria,d6e683e8b90a334caac41bec6c7cd5d2,Matteo Beccaria
0704.3574,"Space of Quantum Theory Representations of Natural Numbers, Integers,  and Rational Numbers",,,Paul Benioff,0f5c47cedcf54629cdfc0f05fa1411ec,Paul Benioff
0704.3575,Averages of b-hadron properties at the end of 2006,,,Soeren Prell,6243cf7ef872183a7adc87181b0f09ee,Heavy Flavor Averaging Group (HFAG) (E. Barberio et al.)
0704.3582,Two-loop QED corrections to Bhabha scattering,"FERMILAB-PUB-07-060-T, UH-511-1103-07",10.1088/1126-6708/2007/06/084,T. Becher,ea3459742e0116112c97c2fa7fad3018,Thomas Becher and Kirill Melnikov
0704.3586,Dressing and Wrapping,AEI-2007-024,10.1088/1742-5468/2007/10/P10003,Matthias Staudacher,850d978ffc089e1a2692707ab258a722,"A.V. Kotikov, L.N. Lipatov, A. Rej, M. Staudacher and V.N. Velizhanin"
0704.3606,Type I singularities and the Phantom Menace,,10.1103/PhysRevD.76.063514,John Ward Mr,a91174487f68ca3d2b8c659d3a20e015,Tapan Naskar and John Ward
0704.3607,Low density expansion and isospin dependence of nuclear energy  functional: comparison between relativistic and Skyrme models,,10.1103/PhysRevC.76.044316,Debora Peres Menezes Menezes,5858108c31180b0435a46fc95204bf48,"C. Providencia, D.P. Menezes, L. Brito, Ph. Chomaz"
0704.3608,Quantized Transport in Graphene p-n Junctions in Magnetic Field,,10.1126/science.1144672,Leonid Levitov,5df395738af6b242a25dd5d7b62cb98d,D. A. Abanin and L. S. Levitov
0704.3612,Real analytic solutions for marginal deformations in open superstring  field theory,DESY 07-056,10.1088/1126-6708/2007/09/082,Yuji Okawa,7f206a6db314a47b4a932507f59650c1,Yuji Okawa (DESY)
0704.3613,Metastable Vacua in Perturbed Seiberg-Witten Theories,"CALT-68-2646, UT-07-14",,Chang-Soon Park,34462d35113ee8470fde0402600e60c7,"Hirosi Ooguri, Yutaka Ookouchi and Chang-Soon Park"
0704.3623,Casimir effect in a 6D warped flux compactification model,LMU-ASC 28/07,,Masato Minamitsuji,0beee1582ad9d2dba349bcdff0d9eb49,Masato Minamitsuji
0704.3625,Initial fields and instability in the classical model of the heavy-ion  collision,RBRC-680,10.1103/PhysRevC.76.021902 10.1103/PhysRevC.77.029901,Kenji Fukushima,963938296f1967c9310026be483f4d4b,Kenji Fukushima
0704.3626,The Casimir Force in Randall Sundrum Models,CUMQ/HEP 145,10.1103/PhysRevD.76.015008,Ismail Turan,0a4d69968038006f9fb6143bb9503ca6,"Mariana Frank, Ismail Turan (Concordia Univ.) and Lorric Ziegler
  (Concordia Univ. and Univ. of Geneva)"
0704.3627,The Special McKay correspondence as an equivalence of derived categories,,,Alastair Craw,54721deeb5a253fa368cf1648c577b64,Alastair Craw
0704.3638,Two-loop world-sheet corrections in AdS_5 x S^5 superstring,Imperial-TP-AT-2007-1,10.1088/1126-6708/2007/07/056,Radu Roiban,1c1905c2295f63a2677011a15f01572d,"R. Roiban, A. Tirziu and A. A. Tseytlin"
0704.3667,The Orbifolds of Permutation-Type as Physical String Systems at  Multiples of c=26 IV. Orientation Orbifolds Include Orientifolds,,10.1103/PhysRevD.76.026004,Martin B. Halpern,e3cffdecb2b9a423fb6a56dbd6ab2e7a,M.B.Halpern
0704.3693,Reconstruction Algebras of Type A,,,Michael Wemyss,225c0ffd69a81c85eb42198717ab680e,M. Wemyss
0704.3704,Multimodal nested sampling: an efficient and robust alternative to MCMC  methods for astronomical data analysis,,10.1111/j.1365-2966.2007.12353.x,Farhan Feroz,a739269b2230a87d475d206ff508835a,"Farhan Feroz, M.P. Hobson"
0704.3736,Alignment and signed-intensity anomalies in WMAP data,,10.1111/j.1365-2966.2007.12290.x,Patricio Vielva,f5299f9a4c9fe1ce899d2d002d9fd522,"P. Vielva, Y. Wiaux, E. Martinez-Gonzalez, P. Vandergheynst"
0704.3739,Luminous Red Galaxy Clustering at z~0.7 - First Results using AAOmega,,10.1111/j.1365-2966.2008.13332.x,Nicholas Ross Mr.,623b63c1c703732411377ab6096207b5,"Nicholas P. Ross, T. Shanks, Russell D. Cannon, D.A. Wake, R.G. Sharp,
  S.M. Croom, John A. Peacock"
0704.3764,Phenomenological template family for black-hole coalescence waveforms,AEI-2007-029,10.1088/0264-9381/24/19/S31,P Ajith,ab0f4c75f0a6797ba09d9373ab935010,"P. Ajith, S. Babak, Y. Chen, M. Hewitson, B. Krishnan, J. T. Whelan,
  B. Bruegmann, P. Diener, J. Gonzalez, M. Hannam, S. Husa, M. Koppitz, D.
  Pollney, L. Rezzolla, L. Santamaria, A. M. Sintes, U. Sperhake and J.
  Thornburg"
0704.3798,Modeling the Epps effect of cross correlations in asset prices,,10.1117/12.727127,Bence T\'oth,1f731ebff690cec5ee17d5128a769e69,"Bence Toth, Balint Toth, Janos Kertesz"
0704.3838,Neutrino Mixing and Leptogenesis in Type-II Seesaw Scenarios with  Left-Right Symmetry,,10.1016/j.physletb.2007.11.028,Shu Luo,52b1f88108e55df80184bdfa8fd131ba,"Wei Chao, Shu Luo, Zhi-zhong Xing"
0704.3912,Quasi elementary contractions of Fano manifolds,,,Cinzia Casagrande,a95db71e871f67137ae599bc5f146b76,C. Casagrande
0704.3914,One-loop phi-MHV amplitudes using the unitarity bootstrap,"IPPP/07/12, SACLAY-SPHT-T07/044",10.1088/1126-6708/2007/07/066,Nigel Glover,1589a5c5ff72dccbf174e6066b6a77ba,"S. D. Badger (Saclay, SPhT), E. W. N. Glover (IPPP, Durham U.), Kasper
  Risager (Bohr Inst.)"
0704.3918,Domain-wall/Cosmology correspondence in adS/dS supergravity,"DAMTP-2007-40, ITFA-2007-16, KUL-TF-07/09",10.1088/1126-6708/2007/08/036,Antoine Van Proeyen,def6cedcf5e5e6be8500fb1fa2dc3333,"Kostas Skenderis, Paul K. Townsend and Antoine Van Proeyen"
0704.3968,Electroweak Radiative Corrections to Muon Capture,,10.1103/PhysRevLett.99.032003,Andrzej Czarnecki,b59fa41b1919b41c17eb4e9ed4433a10,"A. Czarnecki, W. J. Marciano, and A. Sirlin"
